<?xml version="1.0" encoding="UTF-8"?>
<project-private xmlns="http://www.netbeans.org/ns/project-private/1">
    <editor-bookmarks xmlns="http://www.netbeans.org/ns/editor-bookmarks/2" lastBookmarkId="0"/>
    <open-files xmlns="http://www.netbeans.org/ns/projectui-open-files/2">
        <group>
            <file>file:/C:/Users/Sanjith/Documents/NetBeansProjects/CarShowroom/src/DeleteUser.java</file>
            <file>file:/C:/Users/Sanjith/Documents/NetBeansProjects/CarShowroom/src/DeleteCar.java</file>
            <file>file:/C:/Users/Sanjith/Documents/NetBeansProjects/CarShowroom/src/TestDrive.java</file>
            <file>file:/C:/Users/Sanjith/Documents/NetBeansProjects/CarShowroom/src/Employee.java</file>
            <file>file:/C:/Users/Sanjith/Documents/NetBeansProjects/CarShowroom/src/AdminLogin.java</file>
            <file>file:/C:/Users/Sanjith/Documents/NetBeansProjects/CarShowroom/src/Deleteservice.java</file>
            <file>file:/C:/Users/Sanjith/Documents/NetBeansProjects/CarShowroom/src/UpdateShowroom.java</file>
            <file>file:/C:/Users/Sanjith/Documents/NetBeansProjects/CarShowroom/src/UpdateUser.java</file>
            <file>file:/C:/Users/Sanjith/Documents/NetBeansProjects/CarShowroom/src/service.java</file>
            <file>file:/C:/Users/Sanjith/Documents/NetBeansProjects/CarShowroom/src/InsertCar.java</file>
            <file>file:/C:/Users/Sanjith/Documents/NetBeansProjects/CarShowroom/src/CarID.java</file>
            <file>file:/C:/Users/Sanjith/Documents/NetBeansProjects/CarShowroom/src/DeleteCarbooking.java</file>
            <file>file:/C:/Users/Sanjith/Documents/NetBeansProjects/CarShowroom/src/DeleteTestDrive.java</file>
            <file>file:/C:/Users/Sanjith/Documents/NetBeansProjects/CarShowroom/src/UpdateTestDrive.java</file>
            <file>file:/C:/Users/Sanjith/Documents/NetBeansProjects/CarShowroom/src/UpdateEmployee.java</file>
            <file>file:/C:/Users/Sanjith/Documents/NetBeansProjects/CarShowroom/src/Carbooking.java</file>
            <file>file:/C:/Users/Sanjith/Documents/NetBeansProjects/CarShowroom/src/UpdateCar.java</file>
            <file>file:/C:/Users/Sanjith/Documents/NetBeansProjects/CarShowroom/src/Register.java</file>
            <file>file:/C:/Users/Sanjith/Documents/NetBeansProjects/CarShowroom/src/Updateservice.java</file>
            <file>file:/C:/Users/Sanjith/Documents/NetBeansProjects/CarShowroom/src/UpdateCarbooking.java</file>
            <file>file:/C:/Users/Sanjith/Documents/NetBeansProjects/CarShowroom/src/AdminPage.java</file>
            <file>file:/C:/Users/Sanjith/Documents/NetBeansProjects/CarShowroom/src/Showroom.java</file>
            <file>file:/C:/Users/Sanjith/Documents/NetBeansProjects/CarShowroom/src/Order.java</file>
            <file>file:/C:/Users/Sanjith/Documents/NetBeansProjects/CarShowroom/src/DeleteEmployee.java</file>
            <file>file:/C:/Users/Sanjith/Documents/NetBeansProjects/CarShowroom/src/Homepage.java</file>
            <file>file:/C:/Users/Sanjith/Documents/NetBeansProjects/CarShowroom/src/UserID.java</file>
        </group>
    </open-files>
</project-private>
